org.apache.commons.lang.math.Fraction,466,1
org.apache.commons.lang.math.Fraction,467,1
org.apache.commons.lang.math.Fraction,468,1
org.apache.commons.lang.math.Fraction,470,1
org.apache.commons.lang.math.Fraction,146,0.447
org.apache.commons.lang.math.Fraction,150,0.447
org.apache.commons.lang.math.Fraction,151,0.447
org.apache.commons.lang.math.Fraction,578,0.333
org.apache.commons.lang.math.Fraction,579,0.333
org.apache.commons.lang.math.Fraction,581,0.333
org.apache.commons.lang.math.Fraction,582,0.333
org.apache.commons.lang.math.Fraction,585,0.333
org.apache.commons.lang.math.Fraction,590,0.333
org.apache.commons.lang.math.Fraction,596,0.333
org.apache.commons.lang.math.Fraction,600,0.333
org.apache.commons.lang.math.Fraction,601,0.333
org.apache.commons.lang.math.Fraction,603,0.333
org.apache.commons.lang.math.Fraction,606,0.333
org.apache.commons.lang.math.Fraction,609,0.333
org.apache.commons.lang.math.Fraction,610,0.333
org.apache.commons.lang.math.Fraction,571,0.316
org.apache.commons.lang.math.Fraction,572,0.316
org.apache.commons.lang.math.Fraction,142,0.25
org.apache.commons.lang.math.Fraction,145,0.25
org.apache.commons.lang.math.Fraction,153,0.25
org.apache.commons.lang.math.Fraction,368,0.213
org.apache.commons.lang.math.Fraction,377,0.213
